isbn,open_library_cover_id
9780321125217,14596704
9780201485677,15222839
9780201633610,10827044
9780134685991,12420356
9780596007126,388950
9781260440232,8507957
9780135957059,10143650
9780735619678,8629368
9780201835953,10653425
9780131177055,7898496
9780321127426,14596702
9780134494166,15126500
9780137081073,11311437
9780321146533,14596703
9780321601919,6998977
9781449373320,8434671
9780073523323,8635569
9781934356555,15136547
9780596520830,7906328
9781593279509,8508178
9780596517748,2536428
9781118008188,7262081
9781449393199,8509850
9781491954621,11541343
9781617292231,15239913
9780262033848,11106524
9780201896831,136600
9780262510875,9325174
9781942788331,14651184
